Hungary,Baranya,Bogád
Hungary,Baranya,Himesháza
Hungary,Baranya,Kölked
Hungary,Békés,Kamut
Hungary,Borsod-Abaúj-Zemplén,Cserépfalu
Hungary,Borsod-Abaúj-Zemplén,Hejőkeresztúr
Hungary,Csongrád,Pusztamérges
Hungary,Fejér,Csősz
Hungary,Fejér,Kajászó
Hungary,Fejér,Nagylók
Hungary,Győr-Moson-Sopron,Mihályi
Hungary,Győr-Moson-Sopron,Nagylózs
Hungary,Győr-Moson-Sopron,Pázmándfalu
United Kingdom,Hertfordshire,Stotfold
United Kingdom,Hertfordshire,Tring
United Kingdom,Hertfordshire,Waltham Cross
United Kingdom,Hertfordshire,Ware
United Kingdom,Hertfordshire,Watford
United Kingdom,Hertfordshire,Welwyn
United Kingdom,Hertfordshire,Welwyn Garden City
United Kingdom,Hertfordshire,Wheathampstead
United Kingdom,Highland,Alness
United Kingdom,Highland,Aviemore
United Kingdom,Highland,Dingwall
United Kingdom,Highland,Dornoch
United Kingdom,Highland,Fort William
United Kingdom,Highland,Invergordon
United Kingdom,Highland,Inverness